# skill	category
abi-and-calling-conventions	computer-architecture
adc-dac-baremetal	baremetal
af-xdp	async-io
apple-silicon	platform
arm-sve	platform
assembly-arm	low-level-programming
assembly-riscv	low-level-programming
assembly-x86	low-level-programming
baremetal-startup	baremetal
bazel	build-systems
binary-hardening	runtimes
binutils	binaries
bootloaders-embedded	baremetal
branch-prediction-and-speculation	computer-architecture
build-acceleration	build-systems
bus-drivers-i2c-spi	kernel-dev
carbon-lang	languages
cargo-workflows	rust
clang	compilers
cmake	build-systems
code-generation-and-backends	compiler-internals
compiler-frontend	compiler-internals
compiler-optimizations-deep	compiler-internals
conan-vcpkg	build-systems
concurrency-debugging	debuggers
containers-internals	virtualization
core-dumps	debuggers
cpp-coroutines	low-level-programming
cpp-modules	compilers
cpp-templates	compilers
cpu-cache-opt	low-level-programming
cpu-pipelines-and-hazards	computer-architecture
cross-gcc	compilers
cuda	gpu
cuda-debugging	gpu
cuda-profiling	gpu
custom-allocators	allocators
datasheet-and-refmanual-reading	baremetal
debug-optimized-builds	debuggers
device-drivers	kernel
device-tree	kernel-dev
dma-baremetal	baremetal
dpdk	async-io
dwarf-debug-format	debuggers
dynamic-linking	binaries
ebpf	observability
ebpf-rust	observability
elf-inspection	binaries
embedded-rust	embedded
flamegraphs	profilers
freertos	embedded
fuzzing	runtimes
gcc	compilers
gdb	debuggers
gpio-baremetal	baremetal
gpu-memory-model	gpu
hardware-counters	profilers
hare-lang	languages
heaptrack	profilers
hip-rocm	gpu
hypervisor-internals	virtualization
include-what-you-use	build-systems
intel-vtune-amd-uprof	profilers
interpreters	low-level-programming
interrupts-and-exceptions-baremetal	baremetal
io-uring	async-io
jit-compilation	compiler-internals
kernel-concurrency	kernel-dev
kernel-debugging	kernel
kernel-debugging-advanced	kernel-dev
kernel-internals	kernel
kernel-memory-management	kernel-dev
kernel-security	security
kernel-testing	kernel
linker-scripts	embedded
linkers-lto	binaries
linux-kernel-architecture	kernel-dev
linux-kernel-modules	low-level-programming
linux-perf	profilers
lldb	debuggers
llvm	compilers
llvm-ir-and-passes	compiler-internals
llvm-passes	compiler-internals
low-power-embedded	baremetal
make	build-systems
memory-hierarchy-and-caches	computer-architecture
memory-model	low-level-programming
meson	build-systems
mlir	compiler-internals
mmio-and-bit-manipulation	baremetal
mpi	hpc
msvc-cl	compilers
ninja	build-systems
numa-programming	allocators
openmp	hpc
openocd-jtag	embedded
os-dev-scratch	kernel
peripherals-from-datasheet	baremetal
pgo	compilers
platform-device-model	kernel-dev
protocol-analysis	qemu
qemu-embedded-simulation	qemu
qemu-for-kernel-development	kernel-dev
qemu-kvm	virtualization
rdma-verbs	hpc
resource-optimization-lowend	qemu
reverse-engineering	security
riscv-privileged	platform
rust-async-internals	rust
rust-build-times	rust
rust-cross	rust
rust-debugging	rust
rust-ffi	rust
rust-no-std	rust
rust-profiling	rust
rust-sanitizers-miri	rust
rust-security	rust
rust-unsafe	rust
rustc-basics	rust
sanitizers	runtimes
simd-intrinsics	low-level-programming
spi-i2c-baremetal	baremetal
static-analysis	build-systems
stm32-baremetal	baremetal
strace-ltrace	profilers
timers-pwm-baremetal	baremetal
triton-lang	gpu
uart-serial-baremetal	baremetal
valgrind	profilers
verilog-basics-for-lowlevel	qemu
virtual-memory-paging-and-tlb	computer-architecture
wasm-emscripten	runtimes
wasm-wasmtime	runtimes
writing-char-drivers	kernel-dev
zephyr	embedded
zig-build-system	zig
zig-cinterop	zig
zig-compiler	zig
zig-comptime	zig
zig-cross	zig
zig-debugging	zig
zig-testing	zig
